Workbook

Sheet 設定
A1: 項目 | B1: 値 | C1: 備考
A2: 氏名 | B2: サンプル 太郎 | C2: サンプル(架空人物)
A3: 生年月日 | B3: 31517 | C3: YYYY/MM/DD で入力。空のままだと全期間 介護該当=FALSE
A4: 標準報酬月額(現行) | B4: 88000 | C4: 改定があれば月次計算 E列を該当月から書換
A5: 給与額面(現行) | B5: 83000 | C5: 改定があれば月次計算 F列を該当月から書換
A6: 対応スコープ | B6: 健保・介護(2号)・厚年・拠出金・支援金 | C6: 雇用/労災/賞与は対象外
A7: 行ラベル(年/月)の意味 | B7: 納付月 | C7: 例: 2026/4行 = 2026年4月に納付する分(=2026年3月分の保険料)。料率マスタの適用開始日もこの基準で記入。

Sheet 料率マスタ
A1: 適用開始日 | B1: 健保(介護なし) | C1: 介護料率 | D1: 厚年料率 | E1: 拠出金率 | F1: 支援金率 | G1: 備考
A2: 42522 | B2: 0.0996 | C2: 0.0158 | D2: 0.17828 | E2: 0.002 | F2: 0 | G2: 2016年6月分(既存ファイル開始)
A3: 42614 | B3: 0.0996 | C3: 0.0158 | D3: 0.18182 | E3: 0.002 | F3: 0 | G3: 2016年9月分・厚年改定
A4: 42795 | B4: 0.0991 | C4: 0.0165 | D4: 0.18182 | E4: 0.002 | F4: 0 | G4: 2017年3月分・健保改定
A5: 42826 | B5: 0.0991 | C5: 0.0165 | D5: 0.18182 | E5: 0.0023 | F5: 0 | G5: 2017年4月分・拠出金改定
A6: 42979 | B6: 0.0991 | C6: 0.0165 | D6: 0.183 | E6: 0.0023 | F6: 0 | G6: 2017年9月分・厚年18.3%固定
A7: 43160 | B7: 0.099 | C7: 0.0157 | D7: 0.183 | E7: 0.0023 | F7: 0 | G7: 2018年3月分・健保改定
A8: 43525 | B8: 0.099 | C8: 0.0173 | D8: 0.183 | E8: 0.0023 | F8: 0 | G8: 2019年3月分・介護改定
A9: 43586 | B9: 0.099 | C9: 0.0173 | D9: 0.183 | E9: 0.0034 | F9: 0 | G9: 2019年5月分・拠出金改定
A10: 43891 | B10: 0.0987 | C10: 0.0179 | D10: 0.183 | E10: 0.0034 | F10: 0 | G10: 2020年3月分・健保改定
A11: 43922 | B11: 0.0987 | C11: 0.0179 | D11: 0.183 | E11: 0.0036 | F11: 0 | G11: 2020年4月分・拠出金改定
A12: 44287 | B12: 0.0984 | C12: 0.018 | D12: 0.183 | E12: 0.0036 | F12: 0 | G12: 2021年4月分・健保改定
A13: 44621 | B13: 0.0981 | C13: 0.0164 | D13: 0.183 | E13: 0.0036 | F13: 0 | G13: 2022年3月分・健保改定
... A18: 46143 | B18: 0.0985 | C18: 0.0162 | D18: 0.183 | E18: 0.0036 | F18: 0.0023 | G18: 2026年5月納付分(4月分)・支援金開始

Sheet 月次計算
A1: 年 | B1: 月 | C1: 満年齢 | D1: 介護該当 | E1: 標準報酬月額 | F1: 給与額面 | G1: 健保(介護なし) | H1: 介護料率 | I1: 厚年料率 | J1: 拠出金率 | K1: 支援金率 | L1: 健保適用料率 | M1: 健保(全額) | N1: 支援金(全額) | O1: 厚年(全額) | P1: 拠出金(全額) | Q1: 協会けんぽ(全額) | R1: 協会けんぽ・社員 | S1: 協会けんぽ・事業主 | T1: 厚年(全額・円) | U1: 厚年・社員 | V1: 厚年・事業主 | W1: 拠出金(全額・円) | X1: 拠出金・事業主 | Y1: 社員天引き合計 | Z1: 事業主負担合計 | AA1: 法定福利費(納付額) | AB1: 差引支給額 | AC1: 通知額 | AD1: 通知額差分 | AE1: 凡例: 黄=入力 / 灰=自動算出 / 緑=検算 ※介護該当は設定!B3 の生年月日から自動判定 ※納付額は告知書(協会けんぽ=健保+介護+支援金 / 年金機構=厚年+拠出金)単位で合算後切捨て
A2: 2016 | B2: 6 | C2: =IF(設定!$B$3="","",DATEDIF(設定!$B$3,EOMONTH(DATE(A2,B2,1),0),"Y")) | D2: =IF(設定!$B$3="",FALSE,AND(EOMONTH(DATE(A2,B2,1),0)>=DATE(YEAR(設定!$B$3)+40,MONTH(設定!$B$3),DAY(設定!$B$3))-1,EOMONTH(DATE(A2,B2,1),0)<DATE(YEAR(設定!$B$3)+65,MONTH(設定!$B$3),DAY(設定!$B$3))-1)) | E2: 88000 | F2: 83000 | G2: =XLOOKUP(DATE(A2,B2,1),料率マスタ!$A:$A,料率マスタ!$B:$B,,-1,-1) | H2: =XLOOKUP(DATE(A2,B2,1),料率マスタ!$A:$A,料率マスタ!$C:$C,,-1,-1) | I2: =XLOOKUP(DATE(A2,B2,1),料率マスタ!$A:$A,料率マスタ!$D:$D,,-1,-1) | J2: =XLOOKUP(DATE(A2,B2,1),料率マスタ!$A:$A,料率マスタ!$E:$E,,-1,-1) | K2: =XLOOKUP(DATE(A2,B2,1),料率マスタ!$A:$A,料率マスタ!$F:$F,,-1,-1) | L2: =G2+IF(D2,H2,0) | M2: =E2*L2 | N2: =E2*K2 | O2: =E2*I2 | P2: =ROUNDDOWN(E2*J2,0) | Q2: =ROUNDDOWN(ROUND(M2+N2,2),0) | R2: =INT(M2/2)+IF(MOD(M2,2)>1,1,0)+INT(N2/2)+IF(MOD(N2,2)>1,1,0) | S2: =Q2-R2 | T2: =ROUNDDOWN(O2,0) | U2: =INT(O2/2)+IF(MOD(O2,2)>1,1,0) | V2: =T2-U2 | W2: =P2 | X2: =W2 | Y2: =R2+U2 | Z2: =S2+V2+X2 | AA2: =Q2+T2+W2 | AB2: =F2-Y2 | AD2: =IF(AC2="","",AA2-AC2)
A3: 2016 | B3: 7 | C3: =IF(設定!$B$3="","",DATEDIF(設定!$B$3,EOMONTH(DATE(A3,B3,1),0),"Y")) | D3: =IF(設定!$B$3="",FALSE,AND(EOMONTH(DATE(A3,B3,1),0)>=DATE(YEAR(設定!$B$3)+40,MONTH(設定!$B$3),DAY(設定!$B$3))-1,EOMONTH(DATE(A3,B3,1),0)<DATE(YEAR(設定!$B$3)+65,MONTH(設定!$B$3),DAY(設定!$B$3))-1)) | E3: 88000 | F3: 83000 | G3: =XLOOKUP(DATE(A3,B3,1),料率マスタ!$A:$A,料率マスタ!$B:$B,,-1,-1) | H3: =XLOOKUP(DATE(A3,B3,1),料率マスタ!$A:$A,料率マスタ!$C:$C,,-1,-1) | I3: =XLOOKUP(DATE(A3,B3,1),料率マスタ!$A:$A,料率マスタ!$D:$D,,-1,-1) | J3: =XLOOKUP(DATE(A3,B3,1),料率マスタ!$A:$A,料率マスタ!$E:$E,,-1,-1) | K3: =XLOOKUP(DATE(A3,B3,1),料率マスタ!$A:$A,料率マスタ!$F:$F,,-1,-1) | L3: =G3+IF(D3,H3,0) | M3: =E3*L3 | N3: =E3*K3 | O3: =E3*I3 | P3: =ROUNDDOWN(E3*J3,0) | Q3: =ROUNDDOWN(ROUND(M3+N3,2),0) | R3: =INT(M3/2)+IF(MOD(M3,2)>1,1,0)+INT(N3/2)+IF(MOD(N3,2)>1,1,0) | S3: =Q3-R3 | T3: =ROUNDDOWN(O3,0) | U3: =INT(O3/2)+IF(MOD(O3,2)>1,1,0) | V3: =T3-U3 | W3: =P3 | X3: =W3 | Y3: =R3+U3 | Z3: =S3+V3+X3 | AA3: =Q3+T3+W3 | AB3: =F3-Y3 | AD3: =IF(AC3="","",AA3-AC3)
A4: 2016 | B4: 8 | C4: =IF(設定!$B$3="","",DATEDIF(設定!$B$3,EOMONTH(DATE(A4,B4,1),0),"Y")) | D4: =IF(設定!$B$3="",FALSE,AND(EOMONTH(DATE(A4,B4,1),0)>=DATE(YEAR(設定!$B$3)+40,MONTH(設定!$B$3),DAY(設定!$B$3))-1,EOMONTH(DATE(A4,B4,1),0)<DATE(YEAR(設定!$B$3)+65,MONTH(設定!$B$3),DAY(設定!$B$3))-1)) | E4: 88000 | F4: 83000 | G4: =XLOOKUP(DATE(A4,B4,1),料率マスタ!$A:$A,料率マスタ!$B:$B,,-1,-1) | H4: =XLOOKUP(DATE(A4,B4,1),料率マスタ!$A:$A,料率マスタ!$C:$C,,-1,-1) | I4: =XLOOKUP(DATE(A4,B4,1),料率マスタ!$A:$A,料率マスタ!$D:$D,,-1,-1) | J4: =XLOOKUP(DATE(A4,B4,1),料率マスタ!$A:$A,料率マスタ!$E:$E,,-1,-1) | K4: =XLOOKUP(DATE(A4,B4,1),料率マスタ!$A:$A,料率マスタ!$F:$F,,-1,-1) | L4: =G4+IF(D4,H4,0) | M4: =E4*L4 | N4: =E4*K4 | O4: =E4*I4 | P4: =ROUNDDOWN(E4*J4,0) | Q4: =ROUNDDOWN(ROUND(M4+N4,2),0) | R4: =INT(M4/2)+IF(MOD(M4,2)>1,1,0)+INT(N4/2)+IF(MOD(N4,2)>1,1,0) | S4: =Q4-R4 | T4: =ROUNDDOWN(O4,0) | U4: =INT(O4/2)+IF(MOD(O4,2)>1,1,0) | V4: =T4-U4 | W4: =P4 | X4: =W4 | Y4: =R4+U4 | Z4: =S4+V4+X4 | AA4: =Q4+T4+W4 | AB4: =F4-Y4 | AD4: =IF(AC4="","",AA4-AC4)
A5: 2016 | B5: 9 | C5: =IF(設定!$B$3="","",DATEDIF(設定!$B$3,EOMONTH(DATE(A5,B5,1),0),"Y")) | D5: =IF(設定!$B$3="",FALSE,AND(EOMONTH(DATE(A5,B5,1),0)>=DATE(YEAR(設定!$B$3)+40,MONTH(設定!$B$3),DAY(設定!$B$3))-1,EOMONTH(DATE(A5,B5,1),0)<DATE(YEAR(設定!$B$3)+65,MONTH(設定!$B$3),DAY(設定!$B$3))-1)) | E5: 88000 | F5: 83000 | G5: =XLOOKUP(DATE(A5,B5,1),料率マスタ!$A:$A,料率マスタ!$B:$B,,-1,-1) | H5: =XLOOKUP(DATE(A5,B5,1),料率マスタ!$A:$A,料率マスタ!$C:$C,,-1,-1) | I5: =XLOOKUP(DATE(A5,B5,1),料率マスタ!$A:$A,料率マスタ!$D:$D,,-1,-1) | J5: =XLOOKUP(DATE(A5,B5,1),料率マスタ!$A:$A,料率マスタ!$E:$E,,-1,-1) | K5: =XLOOKUP(DATE(A5,B5,1),料率マスタ!$A:$A,料率マスタ!$F:$F,,-1,-1) | L5: =G5+IF(D5,H5,0) | M5: =E5*L5 | N5: =E5*K5 | O5: =E5*I5 | P5: =ROUNDDOWN(E5*J5,0) | Q5: =ROUNDDOWN(ROUND(M5+N5,2),0) | R5: =INT(M5/2)+IF(MOD(M5,2)>1,1,0)+INT(N5/2)+IF(MOD(N5,2)>1,1,0) | S5: =Q5-R5 | T5: =ROUNDDOWN(O5,0) | U5: =INT(O5/2)+IF(MOD(O5,2)>1,1,0) | V5: =T5-U5 | W5: =P5 | X5: =W5 | Y5: =R5+U5 | Z5: =S5+V5+X5 | AA5: =Q5+T5+W5 | AB5: =F5-Y5 | AD5: =IF(AC5="","",AA5-AC5)
A6: 2016 | B6: 10 | C6: =IF(設定!$B$3="","",DATEDIF(設定!$B$3,EOMONTH(DATE(A6,B6,1),0),"Y")) | D6: =IF(設定!$B$3="",FALSE,AND(EOMONTH(DATE(A6,B6,1),0)>=DATE(YEAR(設定!$B$3)+40,MONTH(設定!$B$3),DAY(設定!$B$3))-1,EOMONTH(DATE(A6,B6,1),0)<DATE(YEAR(設定!$B$3)+65,MONTH(設定!$B$3),DAY(設定!$B$3))-1)) | E6: 88000 | F6: 83000 | G6: =XLOOKUP(DATE(A6,B6,1),料率マスタ!$A:$A,料率マスタ!$B:$B,,-1,-1) | H6: =XLOOKUP(DATE(A6,B6,1),料率マスタ!$A:$A,料率マスタ!$C:$C,,-1,-1) | I6: =XLOOKUP(DATE(A6,B6,1),料率マスタ!$A:$A,料率マスタ!$D:$D,,-1,-1) | J6: =XLOOKUP(DATE(A6,B6,1),料率マスタ!$A:$A,料率マスタ!$E:$E,,-1,-1) | K6: =XLOOKUP(DATE(A6,B6,1),料率マスタ!$A:$A,料率マスタ!$F:$F,,-1,-1) | L6: =G6+IF(D6,H6,0) | M6: =E6*L6 | N6: =E6*K6 | O6: =E6*I6 | P6: =ROUNDDOWN(E6*J6,0) | Q6: =ROUNDDOWN(ROUND(M6+N6,2),0) | R6: =INT(M6/2)+IF(MOD(M6,2)>1,1,0)+INT(N6/2)+IF(MOD(N6,2)>1,1,0) | S6: =Q6-R6 | T6: =ROUNDDOWN(O6,0) | U6: =INT(O6/2)+IF(MOD(O6,2)>1,1,0) | V6: =T6-U6 | W6: =P6 | X6: =W6 | Y6: =R6+U6 | Z6: =S6+V6+X6 | AA6: =Q6+T6+W6 | AB6: =F6-Y6 | AD6: =IF(AC6="","",AA6-AC6)
A7: 2016 | B7: 11 | C7: =IF(設定!$B$3="","",DATEDIF(設定!$B$3,EOMONTH(DATE(A7,B7,1),0),"Y")) | D7: =IF(設定!$B$3="",FALSE,AND(EOMONTH(DATE(A7,B7,1),0)>=DATE(YEAR(設定!$B$3)+40,MONTH(設定!$B$3),DAY(設定!$B$3))-1,EOMONTH(DATE(A7,B7,1),0)<DATE(YEAR(設定!$B$3)+65,MONTH(設定!$B$3),DAY(設定!$B$3))-1)) | E7: 88000 | F7: 83000 | G7: =XLOOKUP(DATE(A7,B7,1),料率マスタ!$A:$A,料率マスタ!$B:$B,,-1,-1) | H7: =XLOOKUP(DATE(A7,B7,1),料率マスタ!$A:$A,料率マスタ!$C:$C,,-1,-1) | I7: =XLOOKUP(DATE(A7,B7,1),料率マスタ!$A:$A,料率マスタ!$D:$D,,-1,-1) | J7: =XLOOKUP(DATE(A7,B7,1),料率マスタ!$A:$A,料率マスタ!$E:$E,,-1,-1) | K7: =XLOOKUP(DATE(A7,B7,1),料率マスタ!$A:$A,料率マスタ!$F:$F,,-1,-1) | L7: =G7+IF(D7,H7,0) | M7: =E7*L7 | N7: =E7*K7 | O7: =E7*I7 | P7: =ROUNDDOWN(E7*J7,0) | Q7: =ROUNDDOWN(ROUND(M7+N7,2),0) | R7: =INT(M7/2)+IF(MOD(M7,2)>1,1,0)+INT(N7/2)+IF(MOD(N7,2)>1,1,0) | S7: =Q7-R7 | T7: =ROUNDDOWN(O7,0) | U7: =INT(O7/2)+IF(MOD(O7,2)>1,1,0) | V7: =T7-U7 | W7: =P7 | X7: =W7 | Y7: =R7+U7 | Z7: =S7+V7+X7 | AA7: =Q7+T7+W7 | AB7: =F7-Y7 | AD7: =IF(AC7="","",AA7-AC7)
A8: 2016 | B8: 12 | C8: =IF(設定!$B$3="","",DATEDIF(設定!$B$3,EOMONTH(DATE(A8,B8,1),0),"Y")) | D8: =IF(設定!$B$3="",FALSE,AND(EOMONTH(DATE(A8,B8,1),0)>=DATE(YEAR(設定!$B$3)+40,MONTH(設定!$B$3),DAY(設定!$B$3))-1,EOMONTH(DATE(A8,B8,1),0)<DATE(YEAR(設定!$B$3)+65,MONTH(設定!$B$3),DAY(設定!$B$3))-1)) | E8: 88000 | F8: 83000 | G8: =XLOOKUP(DATE(A8,B8,1),料率マスタ!$A:$A,料率マスタ!$B:$B,,-1,-1) | H8: =XLOOKUP(DATE(A8,B8,1),料率マスタ!$A:$A,料率マスタ!$C:$C,,-1,-1) | I8: =XLOOKUP(DATE(A8,B8,1),料率マスタ!$A:$A,料率マスタ!$D:$D,,-1,-1) | J8: =XLOOKUP(DATE(A8,B8,1),料率マスタ!$A:$A,料率マスタ!$E:$E,,-1,-1) | K8: =XLOOKUP(DATE(A8,B8,1),料率マスタ!$A:$A,料率マスタ!$F:$F,,-1,-1) | L8: =G8+IF(D8,H8,0) | M8: =E8*L8 | N8: =E8*K8 | O8: =E8*I8 | P8: =ROUNDDOWN(E8*J8,0) | Q8: =ROUNDDOWN(ROUND(M8+N8,2),0) | R8: =INT(M8/2)+IF(MOD(M8,2)>1,1,0)+INT(N8/2)+IF(MOD(N8,2)>1,1,0) | S8: =Q8-R8 | T8: =ROUNDDOWN(O8,0) | U8: =INT(O8/2)+IF(MOD(O8,2)>1,1,0) | V8: =T8-U8 | W8: =P8 | X8: =W8 | Y8: =R8+U8 | Z8: =S8+V8+X8 | AA8: =Q8+T8+W8 | AB8: =F8-Y8 | AD8: =IF(AC8="","",AA8-AC8)
A9: 2017 | B9: 1 | C9: =IF(設定!$B$3="","",DATEDIF(設定!$B$3,EOMONTH(DATE(A9,B9,1),0),"Y")) | D9: =IF(設定!$B$3="",FALSE,AND(EOMONTH(DATE(A9,B9,1),0)>=DATE(YEAR(設定!$B$3)+40,MONTH(設定!$B$3),DAY(設定!$B$3))-1,EOMONTH(DATE(A9,B9,1),0)<DATE(YEAR(設定!$B$3)+65,MONTH(設定!$B$3),DAY(設定!$B$3))-1)) | E9: 88000 | F9: 83000 | G9: =XLOOKUP(DATE(A9,B9,1),料率マスタ!$A:$A,料率マスタ!$B:$B,,-1,-1) | H9: =XLOOKUP(DATE(A9,B9,1),料率マスタ!$A:$A,料率マスタ!$C:$C,,-1,-1) | I9: =XLOOKUP(DATE(A9,B9,1),料率マスタ!$A:$A,料率マスタ!$D:$D,,-1,-1) | J9: =XLOOKUP(DATE(A9,B9,1),料率マスタ!$A:$A,料率マスタ!$E:$E,,-1,-1) | K9: =XLOOKUP(DATE(A9,B9,1),料率マスタ!$A:$A,料率マスタ!$F:$F,,-1,-1) | L9: =G9+IF(D9,H9,0) | M9: =E9*L9 | N9: =E9*K9 | O9: =E9*I9 | P9: =ROUNDDOWN(E9*J9,0) | Q9: =ROUNDDOWN(ROUND(M9+N9,2),0) | R9: =INT(M9/2)+IF(MOD(M9,2)>1,1,0)+INT(N9/2)+IF(MOD(N9,2)>1,1,0) | S9: =Q9-R9 | T9: =ROUNDDOWN(O9,0) | U9: =INT(O9/2)+IF(MOD(O9,2)>1,1,0) | V9: =T9-U9 | W9: =P9 | X9: =W9 | Y9: =R9+U9 | Z9: =S9+V9+X9 | AA9: =Q9+T9+W9 | AB9: =F9-Y9 | AD9: =IF(AC9="","",AA9-AC9)
A10: 2017 | B10: 2 | C10: =IF(設定!$B$3="","",DATEDIF(設定!$B$3,EOMONTH(DATE(A10,B10,1),0),"Y")) | D10: =IF(設定!$B$3="",FALSE,AND(EOMONTH(DATE(A10,B10,1),0)>=DATE(YEAR(設定!$B$3)+40,MONTH(設定!$B$3),DAY(設定!$B$3))-1,EOMONTH(DATE(A10,B10,1),0)<DATE(YEAR(設定!$B$3)+65,MONTH(設定!$B$3),DAY(設定!$B$3))-1)) | E10: 88000 | F10: 83000 | G10: =XLOOKUP(DATE(A10,B10,1),料率マスタ!$A:$A,料率マスタ!$B:$B,,-1,-1) | H10: =XLOOKUP(DATE(A10,B10,1),料率マスタ!$A:$A,料率マスタ!$C:$C,,-1,-1) | I10: =XLOOKUP(DATE(A10,B10,1),料率マスタ!$A:$A,料率マスタ!$D:$D,,-1,-1) | J10: =XLOOKUP(DATE(A10,B10,1),料率マスタ!$A:$A,料率マスタ!$E:$E,,-1,-1) | K10: =XLOOKUP(DATE(A10,B10,1),料率マスタ!$A:$A,料率マスタ!$F:$F,,-1,-1) | L10: =G10+IF(D10,H10,0) | M10: =E10*L10 | N10: =E10*K10 | O10: =E10*I10 | P10: =ROUNDDOWN(E10*J10,0) | Q10: =ROUNDDOWN(ROUND(M10+N10,2),0) | R10: =INT(M10/2)+IF(MOD(M10,2)>1,1,0)+INT(N10/2)+IF(MOD(N10,2)>1,1,0) | S10: =Q10-R10 | T10: =ROUNDDOWN(O10,0) | U10: =INT(O10/2)+IF(MOD(O10,2)>1,1,0) | V10: =T10-U10 | W10: =P10 | X10: =W10 | Y10: =R10+U10 | Z10: =S10+V10+X10 | AA10: =Q10+T10+W10 | AB10: =F10-Y10 | AD10: =IF(AC10="","",AA10-AC10)
A11: 2017 | B11: 3 | C11: =IF(設定!$B$3="","",DATEDIF(設定!$B$3,EOMONTH(DATE(A11,B11,1),0),"Y")) | D11: =IF(設定!$B$3="",FALSE,AND(EOMONTH(DATE(A11,B11,1),0)>=DATE(YEAR(設定!$B$3)+40,MONTH(設定!$B$3),DAY(設定!$B$3))-1,EOMONTH(DATE(A11,B11,1),0)<DATE(YEAR(設定!$B$3)+65,MONTH(設定!$B$3),DAY(設定!$B$3))-1)) | E11: 88000 | F11: 83000 | G11: =XLOOKUP(DATE(A11,B11,1),料率マスタ!$A:$A,料率マスタ!$B:$B,,-1,-1) | H11: =XLOOKUP(DATE(A11,B11,1),料率マスタ!$A:$A,料率マスタ!$C:$C,,-1,-1) | I11: =XLOOKUP(DATE(A11,B11,1),料率マスタ!$A:$A,料率マスタ!$D:$D,,-1,-1) | J11: =XLOOKUP(DATE(A11,B11,1),料率マスタ!$A:$A,料率マスタ!$E:$E,,-1,-1) | K11: =XLOOKUP(DATE(A11,B11,1),料率マスタ!$A:$A,料率マスタ!$F:$F,,-1,-1) | L11: =G11+IF(D11,H11,0) | M11: =E11*L11 | N11: =E11*K11 | O11: =E11*I11 | P11: =ROUNDDOWN(E11*J11,0) | Q11: =ROUNDDOWN(ROUND(M11+N11,2),0) | R11: =INT(M11/2)+IF(MOD(M11,2)>1,1,0)+INT(N11/2)+IF(MOD(N11,2)>1,1,0) | S11: =Q11-R11 | T11: =ROUNDDOWN(O11,0) | U11: =INT(O11/2)+IF(MOD(O11,2)>1,1,0) | V11: =T11-U11 | W11: =P11 | X11: =W11 | Y11: =R11+U11 | Z11: =S11+V11+X11 | AA11: =Q11+T11+W11 | AB11: =F11-Y11 | AD11: =IF(AC11="","",AA11-AC11)
A12: 2017 | B12: 4 | C12: =IF(設定!$B$3="","",DATEDIF(設定!$B$3,EOMONTH(DATE(A12,B12,1),0),"Y")) | D12: =IF(設定!$B$3="",FALSE,AND(EOMONTH(DATE(A12,B12,1),0)>=DATE(YEAR(設定!$B$3)+40,MONTH(設定!$B$3),DAY(設定!$B$3))-1,EOMONTH(DATE(A12,B12,1),0)<DATE(YEAR(設定!$B$3)+65,MONTH(設定!$B$3),DAY(設定!$B$3))-1)) | E12: 88000 | F12: 83000 | G12: =XLOOKUP(DATE(A12,B12,1),料率マスタ!$A:$A,料率マスタ!$B:$B,,-1,-1) | H12: =XLOOKUP(DATE(A12,B12,1),料率マスタ!$A:$A,料率マスタ!$C:$C,,-1,-1) | I12: =XLOOKUP(DATE(A12,B12,1),料率マスタ!$A:$A,料率マスタ!$D:$D,,-1,-1) | J12: =XLOOKUP(DATE(A12,B12,1),料率マスタ!$A:$A,料率マスタ!$E:$E,,-1,-1) | K12: =XLOOKUP(DATE(A12,B12,1),料率マスタ!$A:$A,料率マスタ!$F:$F,,-1,-1) | L12: =G12+IF(D12,H12,0) | M12: =E12*L12 | N12: =E12*K12 | O12: =E12*I12 | P12: =ROUNDDOWN(E12*J12,0) | Q12: =ROUNDDOWN(ROUND(M12+N12,2),0) | R12: =INT(M12/2)+IF(MOD(M12,2)>1,1,0)+INT(N12/2)+IF(MOD(N12,2)>1,1,0) | S12: =Q12-R12 | T12: =ROUNDDOWN(O12,0) | U12: =INT(O12/2)+IF(MOD(O12,2)>1,1,0) | V12: =T12-U12 | W12: =P12 | X12: =W12 | Y12: =R12+U12 | Z12: =S12+V12+X12 | AA12: =Q12+T12+W12 | AB12: =F12-Y12 | AD12: =IF(AC12="","",AA12-AC12)
A13: 2017 | B13: 5 | C13: =IF(設定!$B$3="","",DATEDIF(設定!$B$3,EOMONTH(DATE(A13,B13,1),0),"Y")) | D13: =IF(設定!$B$3="",FALSE,AND(EOMONTH(DATE(A13,B13,1),0)>=DATE(YEAR(設定!$B$3)+40,MONTH(設定!$B$3),DAY(設定!$B$3))-1,EOMONTH(DATE(A13,B13,1),0)<DATE(YEAR(設定!$B$3)+65,MONTH(設定!$B$3),DAY(設定!$B$3))-1)) | E13: 88000 | F13: 83000 | G13: =XLOOKUP(DATE(A13,B13,1),料率マスタ!$A:$A,料率マスタ!$B:$B,,-1,-1) | H13: =XLOOKUP(DATE(A13,B13,1),料率マスタ!$A:$A,料率マスタ!$C:$C,,-1,-1) | I13: =XLOOKUP(DATE(A13,B13,1),料率マスタ!$A:$A,料率マスタ!$D:$D,,-1,-1) | J13: =XLOOKUP(DATE(A13,B13,1),料率マスタ!$A:$A,料率マスタ!$E:$E,,-1,-1) | K13: =XLOOKUP(DATE(A13,B13,1),料率マスタ!$A:$A,料率マスタ!$F:$F,,-1,-1) | L13: =G13+IF(D13,H13,0) | M13: =E13*L13 | N13: =E13*K13 | O13: =E13*I13 | P13: =ROUNDDOWN(E13*J13,0) | Q13: =ROUNDDOWN(ROUND(M13+N13,2),0) | R13: =INT(M13/2)+IF(MOD(M13,2)>1,1,0)+INT(N13/2)+IF(MOD(N13,2)>1,1,0) | S13: =Q13-R13 | T13: =ROUNDDOWN(O13,0) | U13: =INT(O13/2)+IF(MOD(O13,2)>1,1,0) | V13: =T13-U13 | W13: =P13 | X13: =W13 | Y13: =R13+U13 | Z13: =S13+V13+X13 | AA13: =Q13+T13+W13 | AB13: =F13-Y13 | AD13: =IF(AC13="","",AA13-AC13)
... A128: 2026 | B128: 12 | C128: =IF(設定!$B$3="","",DATEDIF(設定!$B$3,EOMONTH(DATE(A128,B128,1),0),"Y")) | D128: =IF(設定!$B$3="",FALSE,AND(EOMONTH(DATE(A128,B128,1),0)>=DATE(YEAR(設定!$B$3)+40,MONTH(設定!$B$3),DAY(設定!$B$3))-1,EOMONTH(DATE(A128,B128,1),0)<DATE(YEAR(設定!$B$3)+65,MONTH(設定!$B$3),DAY(設定!$B$3))-1)) | E128: 88000 | F128: 83000 | G128: =XLOOKUP(DATE(A128,B128,1),料率マスタ!$A:$A,料率マスタ!$B:$B,,-1,-1) | H128: =XLOOKUP(DATE(A128,B128,1),料率マスタ!$A:$A,料率マスタ!$C:$C,,-1,-1) | I128: =XLOOKUP(DATE(A128,B128,1),料率マスタ!$A:$A,料率マスタ!$D:$D,,-1,-1) | J128: =XLOOKUP(DATE(A128,B128,1),料率マスタ!$A:$A,料率マスタ!$E:$E,,-1,-1) | K128: =XLOOKUP(DATE(A128,B128,1),料率マスタ!$A:$A,料率マスタ!$F:$F,,-1,-1) | L128: =G128+IF(D128,H128,0) | M128: =E128*L128 | N128: =E128*K128 | O128: =E128*I128 | P128: =ROUNDDOWN(E128*J128,0) | Q128: =ROUNDDOWN(ROUND(M128+N128,2),0) | R128: =INT(M128/2)+IF(MOD(M128,2)>1,1,0)+INT(N128/2)+IF(MOD(N128,2)>1,1,0) | S128: =Q128-R128 | T128: =ROUNDDOWN(O128,0) | U128: =INT(O128/2)+IF(MOD(O128,2)>1,1,0) | V128: =T128-U128 | W128: =P128 | X128: =W128 | Y128: =R128+U128 | Z128: =S128+V128+X128 | AA128: =Q128+T128+W128 | AB128: =F128-Y128 | AD128: =IF(AC128="","",AA128-AC128)
